user_id	label
2774	0
2775	0
2776	1
2777	0
2778	1
2779	1
2780	0
2781	0
2782	0
2783	1
2784	0
2785	1
2786	1
2787	0
2788	1
2789	0
2790	0
2791	0
2792	1
2793	0
2794	1
2795	0
2796	0
2797	1
2798	1
2799	0
2800	0
2801	0
2802	0
2803	0
2804	0
2805	0
2806	1
2807	0
2808	0
2809	1
2810	0
2811	0
2812	0
2813	0
2814	1
2815	0
2816	0
2817	0
2818	0
2819	0
2820	0
2821	0
2822	0
2823	0
2824	0
2825	1
2826	1
2827	0
2828	0
2829	0
2830	0
2831	0
2832	0
2833	0
2834	0
2835	1
2836	1
2837	0
2838	1
2839	1
2840	0
2841	0
2842	0
2843	1
2844	0
2845	1
2846	0
2847	0
2848	1
2849	1
2850	0
2851	1
2852	0
2853	1
2854	1
2855	0
2856	1
2857	0
2858	1
2859	1
2860	0
2861	0
2862	1
2863	0
2864	0
2865	0
2866	0
2867	0
2868	0
2869	0
2870	0
2871	1
2872	0
2873	0
2874	1
2875	0
2876	0
2877	1
2878	1
2879	0
2880	0
2881	1
2882	0
2883	1
2884	0
2885	1
2886	1
2887	1
2888	0
2889	0
2890	0
2891	1
2892	0
2893	0
2894	0
2895	0
2896	0
2897	0
2898	0
2899	1
2900	0
2901	0
2902	0
2903	0
2904	0
2905	0
2906	1
2907	1
2908	0
2909	0
2910	0
2911	0
2912	0
2913	1
2914	1
2915	0
2916	1
2917	0
2918	1
2919	0
2920	0
2921	0
2922	0
2923	0
2924	0
2925	0
2926	1
2927	1
2928	0
2929	1
2930	1
2931	0
2932	0
2933	1
2934	1
2935	1
2936	0
2937	1
2938	1
2939	0
2940	0
2941	1
2942	0
2943	1
2944	0
2945	0
2946	0
2947	0
2948	1
2949	1
2950	0
2951	0
2952	0
2953	0
2954	0
2955	0
2956	0
2957	0
2958	0
2959	0
2960	1
2961	1
2962	0
2963	1
2964	0
2965	0
2966	0
2967	0
2968	0
2969	0
2970	0
2971	0
2972	1
2973	0
2974	0
2975	0
2976	0
2977	0
2978	0
2979	0
2980	0
2981	0
2982	0
2983	0
2984	0
2985	0
2986	0
2987	0
2988	0
2989	0
2990	0
2991	1
2992	0
2993	0
2994	0
2995	1
2996	0
2997	1
2998	0
2999	0
3000	0
3001	1
3002	0
3003	1
3004	0
3005	0
3006	0
3007	1
3008	0
3009	0
3010	0
3011	1
3012	0
3013	0
3014	0
3015	0
3016	1
3017	0
3018	0
3019	0
3020	0
3021	0
3022	1
3023	1
3024	0
3025	0
3026	1
3027	0
3028	1
3029	0
3030	0
3031	0
3032	0
3033	1
3034	1
3035	1
3036	0
3037	1
3038	0
3039	0
3040	0
3041	1
3042	1
3043	1
3044	1
3045	0
3046	0
3047	1
3048	0
3049	0
3050	0
3051	1
3052	0
3053	0
3054	1
3055	0
3056	0
3057	0
3058	0
3059	1
3060	0
3061	1
3062	0
3063	0
3064	0
3065	1
3066	1
3067	0
3068	0
3069	0
3070	0
3071	0
3072	0
3073	0
3074	0
3075	1
3076	1
3077	0
3078	0
3079	1
3080	1
3081	0
3082	1
3083	0
3084	0
3085	0
3086	0
3087	0
3088	0
3089	0
3090	0
3091	0
3092	0
3093	0
3094	0
3095	1
3096	0
3097	1
3098	1
3099	1
3100	0
3101	0
3102	0
3103	0
3104	0
3105	0
3106	0
3107	1
3108	1
3109	0
3110	0
3111	0
3112	0
3113	0
3114	1
3115	0
3116	0
3117	0
3118	1
3119	1
3120	0
3121	0
3122	0
3123	1
3124	0
3125	1
3126	0
3127	0
3128	1
3129	1
3130	0
3131	0
3132	0
3133	0
3134	0
3135	0
3136	0
3137	0
3138	1
3139	0
3140	1
3141	1
3142	0
3143	0
3144	1
3145	0
3146	0
3147	0
3148	0
3149	0
3150	0
3151	0
3152	1
3153	0
3154	0
3155	0
3156	0
3157	1
3158	1
3159	0
3160	0
3161	0
3162	1
3163	0
3164	0
3165	1
3166	0
3167	0
3168	1
3169	1
3170	1
3171	0
3172	0
3173	1
3174	0
3175	1
3176	0
3177	0
3178	0
3179	1
3180	0
3181	0
3182	1
3183	0
3184	0
3185	1
3186	0
3187	0
3188	1
3189	0
3190	1
3191	0
3192	1
3193	0
3194	1
3195	0
3196	0
3197	0
3198	1
3199	0
3200	0
3201	1
3202	1
3203	0
3204	1
3205	0
3206	1
3207	0
3208	0
3209	1
3210	1
3211	0
3212	0
3213	0
3214	0
3215	1
3216	0
3217	1
3218	0
3219	0
3220	0
3221	0
3222	0
3223	0
3224	0
3225	0
3226	0
3227	0
3228	0
3229	1
3230	0
3231	1
3232	0
3233	0
3234	0
3235	1
3236	1
3237	1
3238	0
3239	1
3240	1
3241	1
3242	1
3243	1
3244	0
3245	1
3246	0
3247	0
3248	1
3249	0
3250	1
3251	0
3252	0
3253	0
3254	0
3255	1
3256	0
3257	0
3258	0
3259	0
3260	0
3261	0
3262	1
3263	1
3264	1
3265	0
3266	1
3267	0
3268	0
3269	1
3270	0
3271	0
3272	1
3273	0
3274	0
3275	1
3276	0
3277	0
3278	0
3279	1
3280	1
3281	0
3282	0
3283	1
3284	1
3285	1
3286	1
3287	0
3288	0
3289	0
3290	0
3291	0
3292	0
3293	0
3294	0
3295	0
3296	0
3297	0
3298	0
3299	0
3300	0
3301	0
3302	0
3303	0
3304	0
3305	1
3306	1
3307	0
3308	1
3309	1
3310	0
3311	0
3312	1
3313	0
3314	0
3315	0
3316	0
3317	1
3318	0
3319	1
3320	0
3321	0
3322	1
3323	1
3324	0
3325	0
3326	1
3327	0
3328	0
3329	1
3330	0
3331	0
3332	0
3333	1
3334	0
3335	0
3336	0
3337	1
3338	0
3339	0
3340	0
3341	0
3342	0
3343	0
3344	1
3345	0
3346	0
3347	0
3348	1
3349	0
3350	0
3351	0
3352	0
3353	0
3354	0
3355	0
3356	0
3357	1
3358	0
3359	1
3360	0
3361	1
3362	0
3363	1
3364	1
3365	1
3366	0
3367	0
3368	0
3369	0
3370	0
3371	0
3372	0
3373	0
3374	0
3375	0
3376	0
3377	0
3378	0
3379	0
3380	0
3381	0
3382	1
3383	1
3384	0
3385	1
3386	1
3387	0
3388	0
3389	0
3390	0
3391	0
3392	0
3393	1
3394	0
3395	0
3396	1
3397	1
3398	0
3399	0
3400	0
3401	0
3402	0
3403	0
3404	0
3405	0
3406	0
3407	1
3408	0
3409	0
3410	0
3411	0
3412	0
3413	0
3414	0
3415	1
3416	1
3417	0
3418	0
3419	0
3420	0
3421	1
3422	0
3423	0
3424	0
3425	0
3426	0
3427	0
3428	0
3429	1
3430	0
3431	0
3432	1
3433	0
3434	0
3435	1
3436	1
3437	1
3438	0
3439	1
3440	0
3441	0
3442	1
3443	0
3444	0
3445	0
3446	1
3447	0
3448	0
3449	0
3450	0
3451	0
3452	0
3453	0
3454	0
3455	0
3456	1
3457	0
3458	0
3459	0
3460	0
3461	0
3462	0
3463	0
3464	0
3465	0
3466	0
3467	0
3468	0
3469	1
3470	0
3471	0
3472	0
3473	1
3474	0
3475	0
3476	1
3477	1
3478	0
3479	0
3480	0
3481	0
3482	0
3483	0
3484	0
3485	1
3486	0
3487	0
3488	1
3489	0
3490	0
3491	1
3492	0
3493	1
3494	0
3495	0
3496	1
3497	1
3498	0
3499	0
3500	1
3501	0
3502	0
3503	0
3504	1
3505	0
3506	1
3507	1
3508	0
3509	0
3510	1
3511	1
3512	0
3513	0
3514	1
3515	0
3516	1
3517	0
3518	0
3519	0
3520	0
3521	0
3522	0
3523	1
3524	0
3525	0
3526	0
3527	0
3528	0
3529	1
3530	0
3531	0
3532	0
3533	1
3534	1
3535	0
3536	1
3537	1
3538	1
3539	0
3540	0
3541	0
3542	0
3543	0
3544	0
3545	0
3546	0
3547	0
3548	1
3549	1
3550	0
3551	1
3552	0
3553	0
3554	1
3555	0
3556	0
3557	1
3558	0
3559	0
3560	0
3561	0
3562	0
3563	0
3564	0
3565	0
3566	1
3567	0
3568	0
3569	0
3570	1
3571	0
3572	0
3573	0
3574	0
3575	0
3576	1
3577	1
3578	0
3579	0
3580	0
3581	0
3582	1
3583	0
3584	0
3585	0
3586	0
3587	0
3588	1
3589	0
3590	1
3591	0
3592	0
3593	0
3594	0
3595	1
3596	0
3597	1
3598	1
3599	1
3600	0
3601	1
3602	0
3603	0
3604	1
3605	0
3606	0
3607	0
3608	0
3609	0
3610	0
3611	1
3612	0
3613	0
3614	1
3615	1
3616	1
3617	1
3618	1
3619	0
3620	0
3621	0
3622	0
3623	0
3624	0
3625	0
3626	0
3627	0
3628	1
3629	0
3630	0
3631	1
3632	0
3633	1
3634	0
3635	0
3636	0
3637	0
3638	0
3639	0
3640	0
3641	1
3642	1
3643	0
3644	1
3645	0
3646	1
3647	1
3648	0
3649	1
3650	0
3651	0
3652	0
3653	0
3654	0
3655	0
3656	0
3657	0
3658	1
3659	0
3660	0
3661	0
3662	1
3663	0
3664	1
3665	1
3666	1
3667	0
3668	0
3669	0
3670	0
3671	0
3672	0
3673	1
3674	0
3675	1
3676	1
3677	0
3678	0
3679	0
3680	0
3681	0
3682	1
3683	0
3684	1
3685	1
3686	0
3687	0
3688	0
3689	1
3690	0
3691	0
3692	0
3693	0
3694	0
3695	1
3696	0
3697	1
3698	0
3699	0
3700	0
3701	0
3702	1
3703	0
3704	0
3705	0
3706	1
3707	0
3708	1
3709	0
3710	0
3711	0
3712	0
3713	1
3714	0
3715	0
3716	0
3717	1
3718	1
3719	0
3720	0
3721	0
3722	0
3723	0
3724	1
3725	1
3726	1
3727	1
3728	1
3729	1
3730	0
3731	1
3732	1
3733	1
3734	1
3735	0
3736	0
3737	0
3738	0
3739	0
3740	1
3741	1
3742	1
3743	0
3744	0
3745	0
3746	1
3747	1
3748	1
3749	0
3750	1
3751	1
3752	0
3753	0
3754	0
3755	0
3756	0
3757	0
3758	1
3759	0
3760	0
3761	0
3762	0
3763	1
3764	1
3765	1
3766	0
3767	1
3768	1
3769	0
3770	0
3771	0
3772	0
3773	0
3774	0
3775	1
3776	0
3777	0
3778	0
3779	0
3780	0
3781	0
3782	0
3783	0
3784	0
3785	0
3786	0
3787	1
3788	0
3789	0
3790	0
3791	1
3792	0
3793	1
3794	0
3795	0
3796	0
3797	1
3798	0
3799	1
3800	0
3801	0
3802	1
3803	1
3804	0
3805	1
3806	0
3807	0
3808	0
3809	0
3810	1
3811	0
3812	1
3813	1
3814	0
3815	0
3816	0
3817	1
3818	0
3819	0
3820	0
3821	0
3822	0
3823	0
3824	0
3825	0
3826	0
3827	1
3828	0
3829	0
3830	0
3831	0
3832	0
3833	0
3834	0
3835	1
3836	0
3837	0
3838	0
3839	0
3840	0
3841	0
3842	1
3843	0
3844	1
3845	1
3846	0
3847	0
3848	1
3849	1
3850	1
3851	1
3852	0
3853	1
3854	1
3855	1
3856	0
3857	1
3858	0
3859	1
3860	0
3861	1
3862	0
3863	0
3864	0
3865	0
3866	0
3867	0
3868	0
3869	0
3870	0
3871	0
3872	1
3873	0
3874	0
3875	0
3876	0
3877	1
3878	1
3879	1
3880	1
3881	0
3882	0
3883	0
3884	0
3885	0
3886	0
3887	1
3888	1
3889	0
3890	0
3891	0
3892	0
3893	1
3894	0
3895	0
3896	0
3897	0
3898	1
3899	0
3900	0
3901	0
3902	0
3903	1
3904	1
3905	0
3906	0
3907	1
3908	0
3909	1
3910	1
3911	0
3912	0
3913	0
3914	1
3915	0
3916	0
3917	0
3918	1
3919	1
3920	1
3921	1
3922	1
3923	1
3924	1
3925	0
3926	0
3927	1
3928	0
3929	1
3930	1
3931	1
3932	0
3933	0
3934	0
3935	1
3936	0
3937	0
3938	1
3939	0
3940	0
3941	0
3942	1
3943	0
3944	0
3945	0
3946	0
3947	0
3948	0
3949	0
3950	0
3951	0
3952	0
3953	0
3954	0
3955	0
3956	0
3957	1
3958	1
3959	1
3960	1
3961	0
3962	0
3963	0
3964	1
3965	0
3966	0
3967	0
3968	0
3969	0
3970	1
3971	0
3972	0
3973	0
3974	1
3975	1
3976	0
3977	1
3978	0
3979	0
3980	0
3981	1
3982	0
3983	0
3984	0
3985	1
3986	0
3987	1
3988	0
3989	0
3990	1
3991	0
3992	0
3993	0
3994	0
3995	1
3996	1
3997	1
3998	0
3999	0
4000	1
4001	1
4002	1
4003	0
4004	0
4005	0
4006	0
4007	1
4008	0
4009	0
4010	0
4011	0
4012	1
4013	0
4014	1
4015	1
4016	0
4017	0
4018	0
4019	1
4020	1
4021	1
4022	0
4023	0
4024	0
4025	0
4026	0
4027	0
4028	0
4029	1
4030	1
4031	1
4032	0
4033	0
4034	0
4035	0
4036	1
4037	1
4038	1
4039	0
4040	0
4041	0
4042	0
4043	1
4044	0
4045	0
4046	1
4047	0
4048	0
4049	0
4050	0
4051	1
4052	0
4053	0
4054	0
4055	1
4056	0
4057	1
4058	1
4059	0
4060	1
4061	0
4062	0
4063	0
4064	1
4065	1
4066	0
4067	0
4068	0
4069	0
4070	0
4071	0
4072	0
4073	0
4074	0
4075	0
4076	1
4077	0
4078	1
4079	0
4080	0
4081	1
4082	1
4083	0
4084	0
4085	1
4086	0
4087	1
4088	0
4089	0
4090	1
4091	0
4092	0
4093	0
4094	0
4095	1
4096	0
4097	0
4098	1
4099	0
4100	0
4101	0
4102	1
4103	1
4104	1
4105	0
4106	0
4107	0
4108	0
4109	1
4110	0
4111	0
4112	0
4113	0
4114	0
4115	0
4116	0
4117	0
4118	0
4119	0
4120	0
4121	0
4122	0
4123	1
4124	1
4125	1
4126	0
4127	0
4128	1
4129	1
4130	0
4131	0
4132	0
4133	0
4134	1
4135	0
4136	0
4137	0
4138	0
4139	1
4140	1
4141	1
4142	0
4143	0
4144	1
4145	0
4146	1
4147	1
4148	0
4149	0
4150	1
4151	1
4152	1
4153	0
4154	1
4155	0
4156	1
4157	0
4158	0
4159	0
4160	0
4161	1
4162	0
4163	0
4164	0
4165	0
4166	0
4167	0
4168	0
4169	0
4170	0
4171	1
4172	0
4173	1
4174	1
4175	1
4176	0
4177	0
4178	0
4179	0
4180	1
4181	0
4182	0
4183	0
4184	0
4185	0
4186	0
4187	0
4188	0
4189	0
4190	0
4191	0
4192	0
4193	0
4194	1
4195	0
4196	1
4197	0
4198	1
4199	0
4200	1
4201	0
4202	0
4203	1
4204	0
4205	0
4206	0
4207	1
4208	1
4209	1
4210	0
4211	0
4212	0
4213	1
4214	0
4215	0
4216	0
4217	0
4218	1
4219	0
4220	0
4221	0
4222	0
4223	1
4224	1
4225	1
4226	0
4227	1
4228	1
4229	1
4230	0
4231	0
4232	0
4233	0
4234	0
4235	0
4236	0
4237	1
4238	1
4239	0
4240	0
4241	0
4242	0
4243	0
4244	0
4245	0
4246	0
4247	0
4248	0
4249	1
4250	0
4251	0
4252	1
4253	1
4254	0
4255	0
4256	0
4257	0
4258	1
4259	0
4260	0
4261	0
4262	1
4263	0
4264	1
4265	1
4266	0
4267	1
4268	0
4269	0
4270	1
4271	0
4272	0
4273	0
4274	0
4275	1
4276	0
4277	0
4278	0
4279	0
4280	0
4281	0
4282	1
4283	1
4284	0
4285	0
4286	0
4287	1
4288	1
4289	0
4290	1
4291	1
4292	0
4293	0
4294	0
4295	0
4296	0
4297	0
4298	1
4299	0
4300	0
4301	1
4302	0
4303	1
4304	1
4305	0
4306	0
4307	0
4308	0
4309	1
4310	1
4311	0
4312	0
4313	0
4314	0
4315	1
4316	0
4317	0
4318	0
4319	0
4320	0
4321	0
4322	0
4323	1
4324	0
4325	1
4326	1
4327	0
4328	0
4329	0
4330	0
4331	0
4332	1
4333	1
4334	0
4335	0
4336	1
4337	0
4338	0
4339	1
4340	1
4341	0
4342	0
4343	0
4344	1
4345	0
4346	0
4347	1
4348	0
4349	0
4350	1
4351	1
4352	1
4353	1
4354	1
4355	0
4356	0
4357	0
4358	1
4359	0
4360	0
4361	0
4362	1
4363	1
4364	0
4365	0
4366	0
4367	0
4368	0
4369	0
4370	0
4371	1
4372	0
4373	0
4374	0
4375	0
4376	0
4377	1
4378	0
4379	0
4380	1
4381	0
4382	0
4383	1
4384	1
4385	0
4386	1
4387	1
4388	0
4389	0
4390	0
4391	0
4392	1
4393	1
4394	0
4395	1
4396	1
4397	0
4398	1
4399	0
4400	1
4401	1
4402	0
4403	1
4404	1
4405	0
4406	0
4407	0
4408	0
4409	1
4410	0
4411	0
4412	0
4413	1
4414	0
4415	0
4416	0
4417	1
4418	0
4419	0
4420	0
4421	0
4422	0
4423	1
4424	0
4425	0
4426	0
4427	0
4428	0
4429	0
4430	1
4431	0
4432	0
4433	0
4434	0
4435	1
4436	0
4437	1
4438	0
4439	0
4440	0
4441	0
4442	1
4443	0
4444	0
4445	0
4446	1
4447	1
4448	0
4449	0
4450	1
4451	1
4452	0
4453	0
4454	1
4455	1
4456	0
4457	1
4458	0
4459	0
4460	1
4461	1
4462	1
4463	1
4464	1
4465	0
4466	0
4467	0
4468	0
4469	0
4470	1
4471	0
4472	0
4473	1
4474	1
4475	1
4476	1
4477	0
4478	0
4479	1
4480	0
4481	0
4482	0
4483	1
4484	0
4485	0
4486	0
4487	0
4488	0
4489	1
4490	0
4491	0
4492	0
4493	0
4494	1
4495	0
4496	0
4497	1
4498	0
4499	0
4500	0
4501	0
4502	1
4503	1
4504	0
4505	0
4506	1
4507	1
4508	0
4509	0
4510	0
4511	1
4512	1
4513	1
4514	1
4515	1
4516	0
4517	1
4518	1
4519	1
4520	1
4521	0
4522	0
4523	1
4524	1
4525	0
4526	1
4527	1
4528	0
4529	0
4530	1
4531	0
4532	1
4533	0
4534	0
4535	1
4536	1
4537	0
4538	0
4539	0
4540	0
4541	1
4542	0
4543	0
4544	0
4545	0
4546	0
4547	0
4548	0
4549	0
4550	1
4551	0
4552	1
4553	0
4554	1
4555	0
4556	1
4557	1
4558	1
4559	0
4560	1
4561	0
4562	1
4563	0
4564	0
4565	0
4566	1
4567	1
4568	1
4569	0
4570	0
4571	0
4572	1
4573	0
4574	1
4575	0
4576	0
4577	1
4578	0
4579	1
4580	0
4581	1
4582	1
4583	0
4584	0
4585	0
4586	1
4587	0
4588	1
4589	0
4590	1
4591	0
4592	1
4593	0
4594	0
4595	0
4596	0
4597	1
4598	0
4599	1
4600	0
4601	0
4602	1
4603	0
4604	0
4605	0
4606	1
4607	0
4608	1
4609	0
4610	0
4611	0
4612	0
4613	0
4614	0
4615	1
4616	1
4617	0
4618	0
4619	0
4620	0
4621	0
4622	0
4623	0
4624	0
4625	0
4626	0
4627	0
4628	0
4629	0
4630	0
4631	0
4632	0
4633	0
4634	0
4635	1
4636	1
4637	0
4638	1
4639	0
4640	0
4641	0
4642	0
4643	0
4644	0
4645	0
4646	1
4647	0
4648	0
4649	0
4650	0
4651	1
4652	1
4653	0
4654	1
4655	1
4656	0
4657	0
4658	1
4659	1
4660	0
4661	0
4662	0
4663	0
4664	0
4665	1
4666	0
4667	0
4668	0
4669	0
4670	0
4671	1
4672	0
4673	0
4674	0
4675	0
4676	1
4677	1
4678	0
4679	1
4680	0
4681	0
4682	0
4683	0
4684	0
4685	0
4686	1
4687	0
4688	1
4689	0
4690	1
4691	0
4692	1
4693	1
4694	1
4695	1
4696	0
4697	0
4698	1
4699	1
4700	0
4701	0
4702	0
4703	0
4704	1
4705	1
4706	0
4707	0
4708	1
4709	1
4710	0
4711	1
4712	1
4713	0
4714	0
4715	0
4716	0
4717	0
4718	1
4719	0
4720	0
4721	0
4722	0
4723	0
4724	0
4725	0
4726	0
4727	0
4728	0
4729	0
4730	0
4731	0
4732	1
4733	0
4734	1
4735	1
4736	0
4737	0
4738	0
4739	1
4740	0
4741	0
4742	0
4743	1
4744	1
4745	0
4746	0
4747	0
4748	0
4749	0
4750	0
4751	0
4752	1
4753	0
4754	0
4755	0
4756	1
4757	0
4758	0
4759	0
4760	1
4761	1
4762	0
4763	0
4764	1
4765	1
4766	0
4767	0
4768	0
4769	1
4770	1
4771	1
4772	1
4773	1
4774	0
4775	0
4776	1
4777	1
4778	0
4779	0
4780	0
4781	1
4782	0
4783	0
4784	0
4785	0
4786	0
4787	0
4788	0
4789	0
4790	0
4791	0
4792	1
4793	0
4794	0
4795	0
4796	0
4797	1
4798	1
4799	0
4800	0
4801	0
4802	1
4803	1
4804	0
4805	1
4806	0
4807	1
4808	0
4809	0
4810	0
4811	0
4812	1
4813	0
4814	0
4815	0
4816	0
4817	1
4818	0
4819	0
4820	0
4821	1
4822	0
4823	0
4824	0
4825	1
4826	0
4827	1
4828	1
4829	0
4830	0
4831	1
4832	0
4833	1
4834	0
4835	0
4836	1
4837	1
4838	1
4839	0
4840	0
4841	1
4842	0
4843	0
4844	1
4845	0
4846	0
4847	0
4848	1
4849	0
4850	0
4851	0
4852	1
4853	0
4854	1
4855	0
4856	0
4857	0
4858	1
4859	0
4860	0
4861	0
4862	0
4863	0
4864	0
4865	0
4866	0
4867	0
4868	1
4869	0
4870	1
4871	0
4872	1
4873	1
4874	1
4875	1
4876	0
4877	0
4878	0
4879	0
4880	0
4881	1
4882	0
4883	0
4884	0
4885	0
4886	0
4887	0
4888	1
4889	1
4890	1
4891	0
4892	0
4893	1
4894	0
4895	1
4896	1
4897	1
4898	1
4899	1
4900	1
4901	0
4902	1
4903	0
4904	0
4905	0
4906	1
4907	0
4908	1
4909	0
4910	1
4911	1
4912	1
4913	0
4914	0
4915	0
4916	0
4917	0
4918	0
4919	0
4920	0
4921	1
4922	0
4923	0
4924	1
4925	1
4926	0
4927	1
4928	0
4929	1
4930	0
4931	1
4932	1
4933	0
4934	1
4935	1
4936	1
4937	0
4938	0
4939	0
4940	0
4941	0
4942	0
4943	1
4944	1
4945	1
4946	0
4947	1
4948	1
4949	0
4950	0
4951	0
4952	0
4953	0
4954	1
4955	0
4956	0
4957	0
4958	1
4959	1
4960	0
4961	0
4962	0
4963	0
4964	0
4965	1
4966	0
4967	0
4968	0
4969	0
4970	0
4971	1
4972	0
4973	0
4974	0
4975	0
4976	1
4977	0
4978	1
4979	1
4980	1
4981	0
4982	0
4983	0
4984	0
4985	0
4986	1
4987	0
4988	0
4989	0
4990	0
4991	1
4992	1
4993	0
4994	1
4995	0
4996	0
4997	0
4998	0
4999	1
5000	1
5001	0
5002	0
5003	1
5004	1
5005	0
5006	0
5007	0
5008	1
5009	0
5010	0
5011	0
5012	1
5013	1
5014	0
5015	0
5016	1
5017	0
5018	1
5019	0
5020	0
5021	0
5022	1
5023	0
5024	0
5025	0
5026	1
5027	0
5028	0
5029	1
5030	1
5031	0
5032	0
5033	0
5034	0
5035	1
5036	0
5037	1
5038	1
5039	0
5040	0
5041	0
5042	0
5043	0
5044	0
5045	0
5046	0
5047	0
5048	1
5049	0
5050	1
5051	1
5052	1
5053	0
5054	0
5055	1
5056	0
5057	0
5058	0
5059	1
5060	1
5061	0
5062	0
5063	1
5064	0
5065	0
5066	0
5067	1
5068	1
5069	0
5070	0
5071	0
5072	0
5073	0
5074	1
5075	0
5076	1
5077	0
5078	0
5079	0
5080	0
5081	0
5082	0
5083	0
5084	0
5085	1
5086	0
5087	0
5088	0
5089	1
5090	1
5091	0
5092	0
5093	1
5094	1
5095	0
5096	1
5097	1
5098	0
5099	0
5100	0
5101	1
5102	0
5103	0
5104	0
5105	0
5106	0
5107	0
5108	0
5109	1
5110	0
5111	0
5112	0
5113	1
5114	0
5115	1
5116	0
5117	0
5118	0
5119	0
5120	0
5121	0
5122	0
5123	0
5124	0
5125	1
5126	0
5127	0
5128	1
5129	0
5130	0
5131	0
5132	0
5133	0
5134	0
5135	0
5136	1
5137	1
5138	1
5139	0
5140	0
5141	1
5142	1
5143	0
5144	1
5145	0
5146	0
5147	0
5148	0
5149	0
5150	0
5151	0
5152	0
5153	1
5154	0
5155	0
5156	0
5157	0
5158	1
5159	1
5160	1
5161	0
5162	0
5163	0
5164	0
5165	0
5166	0
5167	0
5168	0
5169	1
5170	1
5171	0
5172	1
5173	0
5174	0
5175	0
5176	1
5177	0
5178	1
5179	0
5180	0
5181	0
5182	1
5183	0
5184	1
5185	0
5186	1
5187	0
5188	1
5189	1
5190	0
5191	0
5192	0
5193	1
5194	1
5195	1
5196	1
5197	0
5198	0
5199	0
5200	1
5201	0
5202	1
5203	0
5204	0
5205	0
5206	0
5207	0
5208	0
5209	0
5210	0
5211	0
5212	0
5213	1
5214	0
5215	0
5216	1
5217	0
5218	0
5219	0
5220	0
5221	0
5222	0
5223	1
5224	1
5225	0
5226	1
5227	0
5228	0
5229	0
5230	0
5231	0
5232	0
5233	1
5234	0
5235	0
5236	0
5237	0
5238	0
5239	0
5240	0
5241	0
5242	0
5243	0
5244	0
5245	1
5246	0
5247	0
5248	0
5249	0
5250	0
5251	0
5252	0
5253	0
5254	1
5255	0
5256	0
5257	0
5258	1
5259	0
5260	1
5261	0
5262	1
5263	1
5264	1
5265	1
5266	1
5267	0
5268	0
5269	0
5270	1
5271	0
5272	0
5273	1
5274	0
5275	0
5276	0
5277	0
5278	1
5279	0
5280	0
5281	0
5282	1
5283	1
5284	0
5285	1
5286	0
5287	0
5288	0
5289	0
5290	0
5291	0
5292	0
5293	1
5294	0
5295	0
5296	1
5297	0
5298	0
5299	1
5300	0
5301	1
5302	1
5303	0
5304	0
5305	0
5306	0
5307	0
5308	1
5309	1
5310	1
5311	0
5312	0
5313	0
5314	1
5315	0
5316	0
5317	1
5318	0
5319	1
5320	0
5321	0
5322	0
5323	1
5324	0
5325	0
5326	0
5327	0
5328	1
5329	0
5330	1
5331	0
5332	0
5333	0
5334	0
5335	0
5336	0
5337	0
5338	0
5339	0
5340	0
5341	1
5342	0
5343	1
5344	0
5345	0
5346	0
5347	0
5348	1
5349	1
5350	0
5351	1
5352	0
5353	1
5354	0
5355	1
5356	0
5357	0
5358	0
5359	0
5360	0
5361	1
5362	0
5363	0
5364	0
5365	0
5366	0
5367	0
5368	0
5369	1
5370	0
5371	0
5372	0
5373	0
5374	0
5375	1
5376	0
5377	0
5378	0
5379	0
5380	1
5381	0
5382	1
5383	1
5384	0
5385	0
5386	1
5387	1
5388	1
5389	0
5390	0
5391	0
5392	0
5393	1
5394	1
5395	1
5396	0
5397	0
5398	0
5399	0
5400	0
5401	1
5402	0
5403	1
5404	0
5405	1
5406	0
5407	0
5408	0
5409	1
5410	0
5411	1
5412	0
5413	0
5414	1
5415	0
5416	0
5417	0
5418	1
5419	1
5420	1
5421	0
5422	0
5423	0
5424	1
5425	0
5426	0
5427	1
5428	0
5429	0
5430	0
5431	0
5432	0
5433	0
5434	0
5435	0
5436	0
5437	0
5438	0
5439	0
5440	1
5441	0
5442	0
5443	0
5444	0
5445	0
5446	0
5447	0
5448	0
5449	1
5450	0
5451	1
5452	0
5453	1
5454	1
5455	0
5456	0
5457	0
5458	0
5459	0
5460	1
5461	1
5462	0
5463	1
5464	0
5465	0
5466	1
5467	0
5468	0
5469	0
5470	1
5471	0
5472	1
5473	0
5474	0
5475	0
5476	0
5477	1
5478	1
5479	1
5480	1
5481	0
5482	0
5483	1
5484	1
5485	1
5486	0
5487	0
5488	0
5489	0
5490	0
5491	0
5492	1
5493	0
5494	1
5495	0
5496	1
5497	0
5498	0
5499	0
5500	1
5501	0
5502	0
5503	0
5504	0
5505	0
5506	0
5507	1
5508	0
5509	1
5510	0
5511	0
5512	0
5513	0
5514	0
5515	1
5516	0
5517	0
5518	0
5519	1
5520	1
5521	1
5522	0
5523	0
5524	1
5525	0
5526	0
5527	0
5528	0
5529	1
5530	1
5531	1
5532	0
5533	1
5534	0
5535	1
5536	0
5537	1
5538	0
5539	0
5540	0
5541	1
5542	0
5543	0
5544	0
5545	0
5546	0
5547	0
5548	1
5549	1
5550	0
5551	0
5552	0
5553	0
5554	0
5555	0
5556	0
5557	1
5558	0
5559	1
5560	1
5561	0
5562	0
5563	0
5564	0
5565	0
5566	0
5567	0
5568	0
5569	0
5570	1
5571	1
5572	0
5573	0
5574	1
5575	1
5576	0
5577	1
5578	0
5579	1
5580	0
5581	0
5582	0
5583	0
5584	1
5585	1
5586	1
5587	0
5588	0
5589	0
5590	0
5591	0
5592	0
5593	0
5594	0
5595	0
5596	0
5597	1
5598	1
5599	0
5600	1
5601	0
5602	0
5603	0
5604	0
5605	1
5606	0
5607	1
5608	0
5609	0
5610	0
5611	1
5612	0
5613	1
5614	1
5615	1
5616	0
5617	0
5618	0
5619	0
5620	0
5621	0
5622	0
5623	0
5624	1
5625	0
5626	0
5627	0
5628	0
5629	1
5630	0
5631	0
5632	1
5633	0
5634	0
5635	1
5636	0
5637	0
5638	1
5639	0
5640	0
5641	0
5642	0
5643	0
5644	0
5645	1
5646	0
5647	1
5648	0
5649	0
5650	0
5651	0
5652	1
5653	0
5654	0
5655	1
5656	1
5657	0
5658	0
5659	1
5660	0
5661	0
5662	0
5663	0
5664	1
5665	0
5666	0
5667	0
5668	0
5669	0
5670	0
5671	0
5672	0
5673	0
5674	0
5675	0
5676	0
5677	0
5678	0
5679	0
5680	0
5681	1
5682	0
5683	0
5684	0
5685	0
5686	0
5687	1
5688	0
5689	0
5690	0
5691	0
5692	0
5693	0
5694	1
5695	0
5696	0
5697	0
5698	0
5699	0
5700	1
5701	0
5702	0
5703	0
5704	0
5705	0
5706	1
5707	0
5708	0
5709	1
5710	1
5711	1
5712	0
5713	1
5714	0
5715	1
5716	0
5717	1
5718	0
5719	0
5720	1
5721	1
5722	0
5723	0
5724	0
5725	0
5726	0
5727	0
5728	0
5729	1
5730	0
5731	0
5732	0
5733	1
5734	0
5735	1
5736	0
5737	1
5738	0
5739	0
5740	0
5741	0
5742	0
5743	0
5744	1
5745	1
5746	0
5747	1
5748	1
5749	1
5750	0
5751	0
5752	0
5753	0
5754	0
5755	1
5756	0
5757	0
5758	0
5759	0
5760	0
5761	0
5762	1
5763	0
5764	1
5765	0
5766	1
5767	0
5768	1
5769	0
5770	0
5771	0
5772	0
5773	0
5774	0
5775	1
5776	1
5777	0
5778	0
5779	0
5780	1
5781	0
5782	0
5783	0
5784	0
5785	0
5786	1
5787	0
5788	1
5789	0
5790	0
5791	0
5792	0
5793	1
5794	1
5795	0
5796	1
5797	1
5798	0
5799	1
5800	0
5801	0
5802	0
5803	1
5804	1
5805	0
5806	0
5807	0
5808	0
5809	0
5810	0
5811	0
5812	0
5813	1
5814	1
5815	0
5816	1
5817	0
5818	1
5819	1
5820	1
5821	1
5822	0
5823	0
5824	1
5825	0
5826	0
5827	1
5828	0
5829	0
5830	0
5831	0
5832	1
5833	0
5834	1
5835	1
5836	0
5837	1
5838	0
5839	0
5840	0
5841	0
5842	1
5843	1
5844	0
5845	0
5846	0
5847	1
5848	0
5849	0
5850	1
5851	1
5852	0
5853	1
5854	1
5855	0
5856	0
5857	0
5858	1
5859	1
5860	1
5861	1
5862	0
5863	0
5864	0
5865	1
5866	0
5867	0
5868	0
5869	1
5870	0
5871	1
5872	0
5873	1
5874	0
5875	0
5876	0
5877	1
5878	0
5879	1
5880	0
5881	0
5882	1
5883	0
5884	0
5885	0
5886	0
5887	1
5888	1
5889	1
5890	1
5891	1
5892	1
5893	1
5894	0
5895	0
5896	1
5897	1
5898	0
5899	0
5900	1
5901	0
5902	0
5903	0
5904	0
5905	0
5906	1
5907	0
5908	0
5909	1
5910	1
5911	0
5912	1
5913	0
5914	0
5915	0
5916	0
5917	1
5918	1
5919	0
5920	1
5921	0
5922	1
5923	0
5924	0
5925	1
5926	1
5927	0
5928	0
5929	0
5930	1
5931	0
5932	1
5933	0
5934	1
5935	0
5936	1
5937	1
5938	0
5939	0
5940	0
5941	0
5942	0
5943	1
5944	0
5945	1
5946	1
5947	1
5948	0
5949	0
5950	1
5951	0
5952	0
5953	1
5954	1
5955	1
5956	0
5957	1
5958	0
5959	0
5960	0
5961	0
5962	0
5963	0
5964	1
5965	0
5966	1
5967	0
5968	0
5969	1
5970	0
5971	0
5972	0
5973	0
5974	0
5975	1
5976	0
5977	0
5978	0
5979	0
5980	1
5981	0
5982	1
5983	0
5984	0
5985	0
5986	0
5987	0
5988	0
5989	0
5990	0
5991	0
5992	0
5993	0
5994	1
5995	0
5996	1
5997	1
5998	0
5999	0
6000	0
6001	0
6002	1
6003	1
6004	0
6005	0
6006	0
6007	1
6008	0
6009	1
6010	0
6011	1
6012	0
6013	0
6014	1
6015	0
6016	1
6017	0
6018	0
6019	0
6020	0
6021	0
6022	1
6023	0
6024	1
6025	0
6026	0
6027	1
6028	0
6029	0
6030	0
6031	0
6032	0
6033	0
6034	1
6035	0
6036	0
6037	0
6038	0
6039	1
6040	0
6041	1
6042	0
6043	0
6044	1
6045	0
6046	1
6047	1
6048	1
6049	0
6050	0
6051	0
6052	0
6053	0
6054	0
6055	1
6056	1
6057	0
6058	1
6059	1
6060	0
6061	0
6062	1
6063	1
6064	0
6065	0
6066	0
6067	1
6068	0
6069	1
6070	1
6071	0
6072	1
6073	1
6074	1
6075	1
6076	0
6077	0
6078	0
6079	0
6080	0
6081	0
6082	0
6083	0
6084	1
6085	1
6086	0
6087	0
6088	1
6089	1
6090	0
6091	1
6092	1
6093	0
6094	0
6095	0
6096	0
6097	0
6098	0
6099	0
6100	1
6101	1
6102	1
6103	0
6104	0
6105	0
6106	1
6107	0
6108	0
6109	0
6110	1
6111	1
6112	1
6113	0
6114	1
6115	0
6116	0
6117	0
6118	1
6119	0
6120	0
6121	1
6122	0
6123	0
6124	1
6125	0
6126	0
6127	1
6128	0
6129	0
6130	1
6131	0
6132	0
6133	0
6134	1
6135	0
6136	1
6137	0
6138	0
6139	0
6140	0
6141	0
6142	1
6143	0
6144	0
6145	1
6146	0
6147	0
6148	0
6149	1
6150	1
6151	1
6152	0
6153	0
6154	0
6155	1
6156	0
6157	0
6158	0
6159	1
6160	0
6161	0
6162	0
6163	0
6164	0
6165	0
6166	1
6167	1
6168	0
6169	1
6170	1
6171	0
6172	1
6173	1
6174	1
6175	1
6176	1
6177	0
6178	0
6179	0
6180	0
6181	0
6182	0
6183	0
6184	0
6185	0
6186	1
6187	0
6188	1
6189	0
6190	0
6191	1
6192	0
6193	0
6194	0
6195	0
6196	0
6197	0
6198	0
6199	0
6200	0
6201	0
6202	1
6203	0
6204	0
6205	1
6206	0
6207	0
6208	1
6209	1
6210	0
6211	1
6212	1
6213	1
6214	0
6215	1
6216	0
6217	0
6218	1
6219	1
6220	0
6221	1
6222	1
6223	0
6224	1
6225	0
6226	0
6227	1
6228	0
6229	1
6230	1
6231	0
6232	1
6233	0
6234	0
6235	0
6236	0
6237	1
6238	1
6239	1
6240	0
6241	1
6242	0
6243	0
6244	0
6245	0
6246	0
6247	0
6248	0
6249	0
6250	0
6251	0
6252	0
6253	0
6254	0
6255	1
6256	0
6257	1
6258	1
6259	0
6260	1
6261	1
6262	0
6263	0
6264	0
6265	1
6266	1
6267	0
6268	0
6269	0
6270	0
6271	0
6272	1
6273	0
6274	0
6275	1
6276	0
6277	1
6278	0
6279	0
6280	0
6281	0
6282	0
6283	1
6284	0
6285	1
6286	0
6287	0
6288	0
6289	1
6290	1
6291	0
6292	1
6293	0
6294	1
6295	1
6296	0
6297	0
6298	0
6299	0
6300	0
6301	1
6302	0
6303	0
6304	1
6305	1
6306	0
6307	1
6308	0
6309	1
6310	0
6311	0
6312	0
6313	0
6314	0
6315	0
6316	1
6317	0
6318	0
6319	1
6320	0
6321	0
6322	0
6323	0
6324	1
6325	0
6326	0
6327	0
6328	0
6329	0
6330	1
6331	0
6332	0
6333	1
6334	0
6335	1
6336	0
6337	0
6338	1
6339	0
6340	1
6341	0
6342	1
6343	0
6344	1
6345	0
6346	0
6347	1
6348	0
6349	0
6350	0
6351	0
6352	1
6353	0
6354	0
6355	0
6356	1
6357	1
6358	0
6359	0
6360	0
6361	1
6362	0
6363	1
6364	0
6365	1
6366	1
6367	0
6368	1
6369	1
6370	0
6371	0
6372	0
6373	1
6374	0
6375	1
6376	0
6377	1
6378	0
6379	1
6380	0
6381	1
6382	0
6383	0
6384	0
6385	1
6386	0
6387	0
6388	1
6389	1
6390	0
6391	0
6392	0
6393	0
6394	0
6395	0
6396	0
6397	1
6398	1
6399	0
6400	0
6401	0
6402	0
6403	0
6404	0
6405	0
6406	0
6407	0
6408	0
6409	1
6410	1
6411	0
6412	0
6413	0
6414	0
6415	1
6416	1
6417	0
6418	1
6419	1
6420	1
6421	1
6422	1
6423	0
6424	0
6425	0
6426	0
6427	0
6428	1
6429	0
6430	1
6431	0
6432	0
6433	1
6434	1
6435	1
6436	0
6437	0
6438	1
6439	0
6440	0
6441	1
6442	1
6443	0
6444	0
6445	0
6446	0
6447	1
6448	1
6449	0
6450	0
6451	1
6452	0
6453	0
6454	0
6455	0
6456	1
6457	0
6458	0
6459	0
6460	1
6461	1
6462	1
6463	0
6464	1
6465	0
6466	0
6467	1
6468	1
6469	1
6470	1
6471	0
6472	0
6473	0
6474	1
6475	0
6476	0
6477	0
6478	0
6479	0
6480	1
6481	0
6482	1
6483	1
6484	0
6485	0
6486	1
6487	0
6488	1
6489	0
6490	1
6491	0
6492	0
6493	0
6494	0
6495	0
6496	0
6497	0
6498	0
6499	1
6500	0
6501	0
6502	0
6503	0
6504	0
6505	0
6506	0
6507	1
6508	1
6509	0
6510	0
6511	0
6512	0
6513	0
6514	1
6515	1
6516	0
6517	1
6518	0
6519	0
6520	0
6521	1
6522	0
6523	1
6524	0
6525	0
6526	0
6527	0
6528	0
6529	1
6530	0
6531	0
6532	1
6533	1
6534	0
6535	0
6536	0
6537	0
6538	1
6539	0
6540	0
6541	1
6542	1
6543	0
6544	0
6545	1
6546	0
6547	0
6548	1
6549	0
6550	0
6551	1
6552	1
6553	0
6554	0
6555	0
6556	1
6557	0
6558	0
6559	1
6560	1
6561	0
6562	1
6563	1
6564	0
6565	1
6566	0
6567	0
6568	0
6569	0
6570	1
6571	1
6572	1
6573	0
6574	1
6575	0
6576	0
6577	0
6578	0
6579	0
6580	1
6581	1
6582	0
6583	0
6584	0
6585	0
6586	1
6587	0
6588	0
6589	1
6590	0
6591	0
6592	0
6593	1
6594	1
6595	0
6596	0
6597	0
6598	0
6599	0
6600	0
6601	0
6602	0
6603	0
6604	1
6605	1
6606	1
6607	1
6608	0
6609	0
6610	0
6611	1
6612	0
6613	0
6614	0
6615	0
6616	1
6617	0
6618	0
6619	1
6620	0
6621	0
6622	0
6623	0
6624	0
6625	0
6626	1
6627	1
6628	1
6629	0
6630	0
6631	0
6632	1
6633	0
6634	0
6635	0
6636	0
6637	0
6638	1
6639	1
6640	1
6641	0
6642	0
6643	0
6644	0
6645	0
6646	0
6647	0
6648	0
6649	0
6650	1
6651	0
6652	0
6653	1
6654	1
6655	0
6656	1
6657	0
6658	0
6659	0
6660	1
6661	0
6662	0
6663	0
6664	0
6665	0
6666	0
6667	1
6668	0
6669	0
6670	0
6671	1
6672	0
6673	0
6674	0
6675	1
6676	0
6677	0
6678	1
6679	0
6680	0
6681	0
6682	0
6683	0
6684	0
6685	0
6686	1
6687	0
6688	0
6689	1
6690	1
6691	0
6692	0
6693	1
6694	0
6695	0
6696	0
6697	0
6698	1
6699	0
6700	1
6701	0
6702	1
6703	0
6704	1
6705	0
6706	1
6707	1
6708	0
6709	1
6710	0
6711	0
6712	0
6713	1
6714	0
6715	1
6716	0
6717	1
6718	0
6719	0
6720	0
6721	1
6722	0
6723	0
6724	0
6725	0
6726	1
6727	0
6728	0
6729	0
6730	0
6731	0
6732	1
6733	1
6734	0
6735	0
6736	0
6737	0
6738	0
6739	0
6740	1
6741	0
6742	0
6743	0
6744	0
6745	0
6746	0
6747	1
6748	0
6749	0
6750	1
6751	1
6752	1
6753	1
6754	0
6755	1
6756	0
6757	0
6758	0
6759	0
6760	1
6761	0
6762	0
6763	0
6764	0
6765	0
6766	0
6767	1
6768	1
6769	1
6770	0
6771	0
6772	1
6773	1
6774	1
6775	0
6776	1
6777	1
6778	0
6779	0
6780	0
6781	0
6782	1
6783	0
6784	0
6785	0
6786	1
6787	1
6788	0
6789	0
6790	1
6791	0
6792	1
6793	0
6794	0
6795	0
6796	0
6797	0
6798	1
6799	0
6800	1
6801	0
6802	0
6803	0
6804	0
6805	0
6806	0
6807	1
6808	0
6809	0
6810	1
6811	0
6812	0
6813	0
6814	1
6815	0
6816	0
6817	0
6818	0
6819	0
6820	0
6821	0
6822	0
6823	0
6824	0
6825	0
6826	1
6827	1
6828	1
6829	0
6830	1
6831	0
6832	1
6833	0
6834	0
6835	0
6836	0
6837	0
6838	0
6839	1
6840	1
6841	1
6842	0
6843	1
6844	0
6845	0
6846	0
6847	0
6848	1
6849	0
6850	1
6851	0
6852	1
6853	1
6854	0
6855	1
6856	1
6857	1
6858	0
6859	1
6860	0
6861	1
6862	0
6863	0
6864	0
6865	1
6866	1
6867	1
6868	1
6869	0
6870	1
6871	0
6872	0
6873	0
6874	0
6875	0
6876	1
6877	0
6878	0
6879	1
6880	0
6881	0
6882	1
6883	0
6884	1
6885	0
6886	0
6887	0
6888	0
6889	0
6890	0
6891	0
6892	1
6893	1
6894	1
6895	0
6896	1
6897	0
6898	1
6899	0
6900	0
6901	0
6902	0
6903	1
6904	0
6905	1
6906	0
6907	0
6908	0
6909	0
6910	0
6911	0
6912	0
6913	1
6914	0
6915	0
6916	0
6917	0
6918	0
6919	1
6920	0
6921	0
6922	0
6923	0
6924	0
6925	0
6926	1
6927	1
6928	0
6929	0
6930	1
6931	0
6932	0
6933	0
6934	0
6935	1
6936	0
6937	0
6938	1
6939	1
6940	1
6941	1
6942	0
6943	0
6944	0
6945	1
6946	0
6947	0
6948	1
6949	0
6950	1
6951	0
6952	0
6953	1
6954	1
6955	1
6956	0
6957	1
6958	0
6959	1
6960	0
6961	1
6962	0
6963	0
6964	0
6965	0
6966	1
6967	0
6968	1
6969	0
6970	1
6971	1
6972	0
6973	0
6974	0
6975	1
6976	0
6977	0
6978	0
6979	0
6980	0
6981	1
6982	0
6983	0
6984	0
6985	0
6986	0
6987	1
6988	0
6989	0
6990	0
6991	0
6992	0
6993	0
6994	0
6995	1
6996	0
6997	0
6998	0
6999	0
7000	0
7001	0
7002	0
7003	0
7004	0
7005	0
7006	0
7007	1
7008	0
7009	0
7010	0
7011	0
7012	1
7013	0
7014	1
7015	1
7016	0
7017	1
7018	1
7019	0
7020	0
7021	0
7022	0
7023	0
7024	1
7025	0
7026	0
7027	1
7028	1
7029	1
7030	1
7031	0
7032	0
7033	0
7034	1
7035	1
7036	0
7037	1
7038	0
7039	1
7040	0
7041	0
7042	0
7043	0
7044	0
7045	0
7046	1
7047	1
7048	0
7049	0
7050	0
7051	0
7052	1
7053	0
7054	0
7055	0
7056	0
7057	0
7058	1
7059	1
7060	0
7061	0
7062	0
7063	0
7064	1
7065	1
7066	0
7067	0
7068	1
7069	0
7070	0
7071	0
7072	1
7073	1
7074	1
7075	0
7076	0
7077	0
7078	0
7079	0
7080	0
7081	0
7082	1
7083	0
7084	0
7085	0
7086	0
7087	0
7088	0
7089	1
7090	1
7091	1
7092	0
7093	0
7094	1
7095	0
7096	0
7097	0
7098	1
7099	0
7100	0
7101	0
7102	1
7103	0
7104	0
7105	0
7106	0
7107	1
7108	0
7109	0
7110	0
7111	0
7112	1
7113	0
7114	1
7115	1
7116	1
7117	0
7118	0
7119	0
7120	0
7121	1
7122	0
7123	1
7124	1
7125	0
7126	1
7127	0
7128	1
7129	0
7130	0
7131	0
7132	0
7133	1
7134	1
7135	1
7136	0
7137	0
7138	0
7139	0
7140	0
7141	1
7142	0
7143	1
7144	0
7145	0
7146	1
7147	0
7148	0
7149	0
7150	0
7151	0
7152	1
7153	0
7154	1
7155	1
7156	1
7157	1
7158	1
7159	0
7160	0
7161	1
7162	0
7163	0
7164	0
7165	1
7166	1
7167	1
7168	1
7169	0
7170	0
7171	1
7172	1
7173	0
7174	0
7175	0
7176	0
7177	0
7178	0
7179	0
7180	1
7181	0
7182	0
7183	0
7184	0
7185	0
7186	1
7187	0
7188	0
7189	0
7190	0
7191	0
7192	0
7193	0
7194	1
7195	1
7196	0
7197	0
7198	0
7199	1
7200	1
7201	1
7202	1
7203	0
7204	1
7205	0
7206	0
7207	0
7208	0
7209	0
7210	1
7211	0
7212	1
7213	0
7214	1
7215	0
7216	1
7217	0
7218	1
7219	1
7220	0
7221	0
7222	0
7223	1
7224	1
7225	0
7226	0
7227	0
7228	0
7229	1
7230	0
7231	1
7232	0
7233	1
7234	1
7235	1
7236	1
7237	1
7238	0
7239	1
7240	0
7241	0
7242	0
7243	0
7244	0
7245	0
7246	1
7247	0
7248	1
7249	1
7250	0
7251	0
7252	0
7253	0
7254	0
7255	0
7256	0
7257	1
7258	0
7259	1
7260	0
7261	1
7262	0
7263	0
7264	1
7265	1
7266	0
7267	1
7268	0
7269	0
7270	0
7271	0
7272	1
7273	0
7274	1
7275	0
7276	0
7277	0
7278	0
7279	0
7280	0
7281	0
7282	0
7283	0
7284	0
7285	1
7286	0
7287	0
7288	0
7289	0
7290	0
7291	0
7292	0
7293	0
7294	0
7295	1
7296	0
7297	0
7298	0
7299	0
7300	0
7301	0
7302	0
7303	1
7304	0
7305	0
7306	0
7307	0
7308	1
7309	0
7310	1
7311	1
7312	1
7313	0
7314	0
7315	0
7316	1
7317	0
7318	0
7319	0
7320	1
7321	0
7322	1
7323	1
7324	0
7325	1
7326	1
7327	0
7328	1
7329	0
7330	0
7331	1
7332	0
7333	0
7334	0
7335	0
7336	0
7337	0
7338	0
7339	0
7340	1
7341	0
7342	0
7343	0
7344	0
7345	0
7346	0
7347	0
7348	0
7349	0
7350	1
7351	0
7352	0
7353	1
7354	0
7355	1
7356	1
7357	1
7358	0
7359	1
7360	0
7361	0
7362	1
7363	0
7364	0
7365	1
7366	0
7367	0
7368	0
7369	1
7370	1
7371	0
7372	1
7373	1
7374	0
7375	1
7376	0
7377	1
7378	0
7379	0
7380	0
7381	0
7382	0
7383	1
7384	1
7385	1
7386	0
7387	0
7388	0
7389	1
7390	0
7391	1
7392	0
7393	1
7394	0
7395	0
7396	0
7397	0
7398	0
7399	0
7400	0
7401	1
7402	1
7403	0
7404	0
7405	0
7406	0
7407	1
7408	0
7409	1
7410	1
7411	0
7412	0
7413	0
7414	0
7415	1
7416	0
7417	1
7418	1
7419	0
7420	0
7421	0
7422	1
7423	0
7424	0
7425	0
7426	0
7427	0
7428	1
7429	1
7430	1
7431	0
7432	0
7433	1
7434	0
7435	1
7436	1
7437	0
7438	0
7439	1
7440	1
7441	0
7442	1
7443	0
7444	0
7445	0
7446	0
7447	0
7448	0
7449	1
7450	0
7451	0
7452	1
7453	0
7454	1
7455	0
7456	0
7457	1
7458	0
7459	0
7460	1
7461	1
7462	0
7463	0
7464	1
7465	0
7466	0
7467	0
7468	0
7469	0
7470	0
7471	0
7472	1
7473	0
7474	0
7475	0
7476	1
7477	0
7478	0
7479	0
7480	1
7481	0
7482	0
7483	1
7484	0
7485	1
7486	1
7487	0
7488	0
7489	0
7490	0
7491	1
7492	0
7493	0
7494	0
7495	0
7496	0
7497	0
7498	0
7499	1
7500	0
7501	1
7502	0
7503	0
7504	0
7505	1
7506	0
7507	0
7508	1
7509	0
7510	1
7511	0
7512	0
7513	1
7514	0
7515	0
7516	0
7517	1
7518	0
7519	0
7520	0
7521	0
7522	1
7523	1
7524	0
7525	1
7526	0
7527	1
7528	0
7529	1
7530	1
7531	0
7532	0
7533	0
7534	0
7535	1
7536	0
7537	1
7538	0
7539	1
7540	1
7541	0
7542	1
7543	1
7544	1
7545	0
7546	0
7547	0
7548	1
7549	0
7550	0
7551	0
7552	0
7553	0
7554	1
7555	0
7556	0
7557	1
7558	0
7559	0
7560	0
7561	0
7562	0
7563	0
7564	1
7565	0
7566	0
7567	0
7568	0
7569	1
7570	1
7571	0
7572	0
7573	0
7574	1
7575	0
7576	0
7577	0
7578	0
7579	0
7580	0
7581	1
7582	1
7583	0
7584	0
7585	0
7586	1
7587	0
7588	0
7589	0
7590	0
7591	0
7592	0
7593	1
7594	0
7595	0
7596	1
7597	0
7598	0
7599	0
7600	1
7601	0
7602	1
7603	1
7604	1
7605	1
7606	1
7607	1
7608	0
7609	0
7610	1
7611	0
7612	0
7613	1
7614	1
7615	1
7616	0
7617	0
7618	0
7619	0
7620	0
7621	1
7622	0
7623	1
7624	0
7625	0
7626	1
7627	1
7628	0
7629	1
7630	0
7631	0
7632	1
7633	0
7634	1
7635	0
7636	0
7637	0
7638	0
7639	0
7640	0
7641	1
7642	0
7643	0
7644	0
7645	1
7646	0
7647	0
7648	0
7649	0
7650	1
7651	0
7652	0
7653	0
7654	0
7655	0
7656	1
7657	1
7658	0
7659	1
7660	0
7661	0
7662	0
7663	0
7664	0
7665	0
7666	0
7667	1
7668	0
7669	0
7670	0
7671	1
7672	0
7673	0
7674	1
7675	0
7676	0
7677	0
7678	1
7679	0
7680	1
7681	1
7682	0
7683	0
7684	1
7685	0
7686	1
7687	0
7688	0
7689	1
7690	0
7691	1
7692	0
7693	1
7694	0
7695	0
7696	0
7697	0
7698	0
7699	0
7700	0
7701	0
7702	1
7703	0
7704	0
7705	1
7706	1
7707	0
7708	0
7709	0
7710	0
7711	0
7712	0
7713	1
7714	0
7715	1
7716	1
7717	0
7718	1
7719	0
7720	1
7721	0
7722	0
7723	0
7724	1
7725	1
7726	1
7727	0
7728	1
7729	0
7730	1
7731	0
7732	0
7733	1
7734	1
7735	0
7736	1
7737	0
7738	0
7739	0
7740	0
7741	0
7742	0
7743	0
7744	1
7745	0
7746	1
7747	0
7748	0
7749	1
7750	1
7751	0
7752	1
7753	0
7754	0
7755	1
7756	0
7757	0
7758	0
7759	0
7760	0
7761	0
7762	0
7763	0
7764	1
7765	0
7766	0
7767	0
7768	0
7769	0
7770	1
7771	0
7772	0
7773	0
7774	0
7775	0
7776	1
7777	0
7778	1
7779	0
7780	0
7781	0
7782	1
7783	1
7784	1
7785	0
7786	0
7787	0
7788	0
7789	1
7790	0
7791	0
7792	0
7793	0
7794	0
7795	1
7796	1
7797	1
7798	0
7799	0
7800	0
7801	0
7802	0
7803	1
7804	0
7805	1
7806	0
7807	1
7808	0
7809	0
7810	1
7811	1
7812	0
7813	1
7814	1
7815	0
7816	0
7817	1
7818	1
7819	1
7820	0
7821	0
7822	0
7823	0
7824	1
7825	1
7826	1
7827	0
7828	1
7829	1
7830	1
7831	0
7832	1
7833	0
7834	0
7835	0
7836	1
7837	0
7838	0
7839	1
7840	1
7841	0
7842	1
7843	0
7844	1
7845	1
7846	1
7847	1
7848	1
7849	0
7850	1
7851	1
7852	1
7853	0
7854	0
7855	1
7856	0
7857	0
7858	0
7859	1
7860	0
7861	0
7862	0
7863	0
7864	0
7865	0
7866	0
7867	1
7868	0
7869	0
7870	0
7871	0
7872	1
7873	0
7874	0
7875	0
7876	0
7877	1
7878	0
7879	0
7880	0
7881	0
7882	0
7883	1
7884	0
7885	1
7886	1
7887	0
7888	0
7889	0
7890	0
7891	0
7892	1
7893	0
7894	0
7895	0
7896	0
7897	1
7898	0
7899	0
7900	1
7901	0
7902	0
7903	0
7904	0
7905	0
7906	1
7907	0
7908	0
7909	0
7910	1
7911	1
7912	0
7913	0
7914	1
7915	0
7916	1
7917	0
7918	0
7919	0
7920	0
7921	0
7922	0
7923	1
7924	0
7925	1
7926	0
7927	0
7928	0
7929	1
7930	1
7931	0
7932	0
7933	0
7934	1
7935	1
7936	0
7937	0
7938	0
7939	0
7940	0
7941	0
7942	0
7943	0
7944	0
7945	0
7946	1
7947	0
7948	0
7949	0
7950	0
7951	0
7952	1
7953	1
7954	0
7955	0
7956	0
7957	0
7958	1
7959	1
7960	0
7961	0
7962	0
7963	1
7964	0
7965	0
7966	0
7967	0
7968	0
7969	0
7970	1
7971	1
7972	1
7973	0
7974	0
7975	1
7976	1
7977	1
7978	1
7979	1
7980	0
7981	0
7982	1
7983	1
7984	1
7985	1
7986	1
7987	1
7988	0
7989	1
7990	0
7991	0
7992	1
7993	0
7994	0
7995	0
7996	0
7997	0
7998	1
7999	0
8000	0
8001	1
8002	1
8003	0
8004	1
8005	1
8006	0
8007	0
8008	0
8009	1
8010	0
8011	0
8012	1
8013	0
8014	0
8015	1
8016	0
8017	0
8018	0
8019	0
8020	0
8021	0
8022	1
8023	0
8024	1
8025	0
8026	0
8027	0
8028	0
8029	1
8030	0
8031	0
8032	0
8033	0
8034	0
8035	1
8036	0
8037	0
8038	0
8039	0
8040	1
8041	1
8042	0
8043	1
8044	1
8045	0
8046	0
8047	0
8048	1
8049	0
8050	0
8051	0
8052	1
8053	0
8054	0
8055	1
8056	0
8057	0
8058	0
8059	0
8060	0
8061	1
8062	0
8063	1
8064	0
8065	1
8066	0
8067	0
8068	1
8069	1
8070	0
8071	0
8072	0
8073	0
8074	0
8075	0
8076	0
8077	0
8078	1
8079	0
8080	0
8081	0
8082	0
8083	1
8084	0
8085	1
8086	1
8087	0
8088	0
8089	1
8090	0
8091	1
8092	0
8093	0
8094	0
8095	0
8096	0
8097	1
8098	0
8099	0
8100	0
8101	1
8102	0
8103	1
8104	1
8105	0
8106	0
8107	0
8108	1
8109	0
8110	0
8111	0
8112	0
8113	0
8114	1
8115	0
8116	0
8117	0
8118	0
8119	0
8120	1
8121	0
8122	0
8123	1
8124	1
8125	0
8126	0
8127	1
8128	0
8129	1
8130	0
8131	1
8132	0
8133	0
8134	0
8135	0
8136	0
8137	0
8138	1
8139	0
8140	0
8141	0
8142	0
8143	1
8144	0
8145	0
8146	1
8147	1
8148	0
8149	1
8150	0
8151	0
8152	1
8153	1
8154	0
8155	0
8156	1
8157	1
8158	0
8159	1
8160	1
8161	0
8162	1
8163	0
8164	0
8165	1
8166	0
8167	0
8168	0
8169	1
8170	0
8171	0
8172	1
8173	0
8174	0
8175	1
8176	1
8177	0
8178	1
8179	0
8180	0
8181	1
8182	0
8183	0
8184	0
8185	0
8186	0
8187	0
8188	1
8189	1
8190	1
8191	0
8192	0
8193	0
8194	0
8195	1
8196	1
8197	0
8198	1
8199	0
8200	0
8201	0
8202	1
8203	1
8204	0
8205	1
8206	0
8207	0
8208	1
8209	0
8210	0
8211	0
8212	1
8213	1
8214	1
8215	0
8216	1
8217	0
8218	0
8219	0
8220	0
8221	0
8222	1
8223	0
8224	1
8225	0
8226	0
8227	1
8228	1
8229	1
8230	0
8231	0
8232	1
8233	0
8234	0
8235	1
8236	1
8237	0
8238	0
8239	1
8240	1
8241	1
8242	0
8243	0
8244	0
8245	0
8246	1
8247	1
8248	0
8249	0
8250	1
8251	0
8252	1
8253	1
8254	1
8255	0
8256	0
8257	0
8258	0
8259	1
8260	0
8261	0
8262	0
8263	1
8264	0
8265	0
8266	0
8267	1
8268	1
8269	1
8270	1
8271	1
8272	0
8273	0
8274	1
8275	1
8276	0
8277	0
8278	1
8279	0
8280	0
8281	0
8282	0
8283	1
8284	0
8285	0
8286	1
8287	1
8288	0
8289	1
8290	1
8291	0
8292	1
8293	1
8294	0
8295	1
8296	1
8297	0
8298	0
8299	0
8300	1
8301	0
8302	1
8303	0
8304	0
8305	1
8306	0
8307	0
8308	0
8309	0
8310	1
8311	1
8312	0
8313	0
8314	1
8315	0
8316	0
8317	1
8318	1
8319	0
8320	0
8321	0
8322	0
8323	1
8324	0
8325	0
8326	0
8327	0
8328	0
8329	0
8330	0
8331	1
8332	0
8333	1
8334	0
8335	0
8336	0
8337	0
8338	1
8339	1
8340	0
8341	0
8342	1
8343	0
8344	0
8345	0
8346	0
8347	0
8348	1
8349	0
8350	0
8351	1
8352	1
8353	0
8354	0
8355	1
8356	0
8357	1
8358	1
8359	0
8360	0
8361	0
8362	0
8363	0
8364	0
8365	0
8366	0
8367	0
8368	1
8369	0
8370	1
8371	0
8372	0
8373	1
8374	0
8375	0
8376	0
8377	0
8378	0
8379	1
8380	0
8381	0
8382	1
8383	0
8384	0
8385	1
8386	1
8387	1
8388	0
8389	0
8390	1
8391	0
8392	1
8393	0
8394	1
8395	0
8396	1
8397	0
8398	0
8399	1
8400	1
8401	0
8402	0
8403	1
8404	0
8405	1
8406	0
8407	0
8408	0
8409	1
8410	0
8411	0
8412	0
8413	0
8414	1
8415	0
8416	1
8417	1
8418	0
8419	1
8420	0
8421	0
8422	1
8423	0
8424	0
8425	0
8426	0
8427	0
8428	1
8429	0
8430	1
8431	0
8432	0
8433	0
8434	0
8435	0
8436	0
8437	0
8438	0
8439	1
8440	0
8441	0
8442	0
8443	0
8444	0
8445	1
8446	0
8447	1
8448	0
8449	0
8450	1
8451	1
8452	0
8453	0
8454	0
8455	0
8456	1
8457	0
8458	1
8459	1
8460	1
8461	1
8462	0
8463	1
8464	1
8465	0
8466	0
8467	1
8468	0
8469	0
8470	0
8471	1
8472	1
8473	0
8474	0
8475	0
8476	1
8477	0
8478	0
8479	0
8480	1
8481	0
8482	0
8483	0
8484	1
8485	1
8486	1
8487	1
8488	0
8489	0
8490	1
8491	0
8492	0
8493	0
8494	0
8495	0
8496	0
8497	0
8498	0
8499	0
8500	1
8501	0
8502	0
8503	1
8504	0
8505	0
8506	0
8507	0
8508	1
8509	0
8510	0
8511	0
8512	1
8513	1
8514	0
8515	0
8516	1
8517	0
8518	0
8519	1
8520	0
8521	0
8522	0
8523	0
8524	0
8525	0
8526	0
8527	0
8528	0
8529	0
8530	1
8531	0
8532	1
8533	1
8534	0
8535	0
8536	1
8537	1
8538	1
8539	0
8540	1
8541	0
8542	0
8543	0
8544	0
8545	0
8546	1
8547	0
8548	0
8549	0
8550	0
8551	0
8552	0
8553	1
8554	0
8555	0
8556	1
8557	0
8558	0
8559	1
8560	0
8561	0
8562	0
8563	1
8564	0
8565	0
8566	0
8567	0
8568	0
8569	0
8570	1
8571	1
8572	0
8573	0
8574	1
8575	0
8576	1
8577	0
8578	1
8579	0
8580	0
8581	0
8582	0
8583	1
8584	1
8585	1
8586	0
8587	1
8588	0
8589	1
8590	0
8591	1
8592	0
8593	0
8594	0
8595	1
8596	0
8597	1
8598	1
8599	0
8600	0
8601	0
8602	1
8603	1
8604	0
8605	0
8606	0
8607	0
8608	1
8609	0
8610	0
8611	0
8612	0
8613	0
8614	1
8615	1
8616	1
8617	1
8618	0
8619	0
8620	0
8621	0
8622	1
8623	0
8624	0
8625	1
8626	0
8627	1
8628	1
8629	0
8630	0
8631	0
8632	0
8633	0
8634	0
8635	1
8636	0
8637	0
8638	1
8639	1
8640	0
8641	0
8642	0
8643	0
8644	1
8645	0
8646	0
8647	1
8648	0
8649	0
8650	0
8651	0
8652	0
8653	1
8654	0
8655	1
8656	0
8657	0
8658	1
8659	0
8660	0
8661	0
8662	1
8663	1
8664	0
8665	1
8666	1
8667	0
8668	1
8669	0
8670	0
8671	1
8672	0
8673	1
8674	1
8675	0
8676	0
8677	0
8678	0
8679	1
8680	0
8681	0
8682	0
8683	1
8684	0
8685	0
8686	0
8687	0
8688	1
8689	0
8690	1
8691	0
8692	0
8693	1
8694	0
8695	0
8696	0
8697	0
8698	1
8699	0
8700	0
8701	0
8702	1
8703	1
8704	0
8705	0
8706	0
8707	1
8708	0
8709	1
8710	0
8711	1
8712	1
8713	0
8714	0
8715	1
8716	1
8717	0
8718	1
8719	0
8720	0
8721	1
8722	0
8723	1
8724	0
8725	0
8726	0
8727	0
8728	0
8729	1
8730	1
8731	0
8732	0
8733	1
8734	1
8735	0
8736	0
8737	1
8738	0
8739	1
8740	0
8741	1
8742	1
8743	0
8744	1
8745	0
8746	0
8747	0
8748	0
8749	0
8750	1
8751	0
8752	0
8753	0
8754	1
8755	0
8756	0
8757	1
8758	0
8759	1
8760	1
8761	0
8762	0
8763	1
8764	0
8765	1
8766	1
8767	0
8768	0
8769	1
8770	1
8771	1
8772	0
8773	0
8774	0
8775	0
8776	1
8777	0
8778	1
8779	0
8780	1
8781	0
8782	0
8783	0
8784	1
8785	0
8786	0
8787	0
8788	1
8789	1
8790	0
8791	0
8792	0
8793	0
8794	0
8795	1
8796	0
8797	0
8798	0
8799	0
8800	0
8801	0
8802	1
8803	0
8804	0
8805	1
8806	0
8807	1
8808	1
8809	0
8810	1
8811	1
8812	1
8813	1
8814	0
8815	0
8816	0
8817	0
8818	0
8819	0
8820	0
8821	0
8822	0
8823	1
8824	0
8825	0
8826	0
8827	0
8828	1
8829	0
8830	1
8831	0
8832	0
8833	0
8834	1
8835	0
8836	0
8837	0
8838	0
8839	0
8840	0
8841	1
8842	0
8843	0
8844	1
8845	0
8846	0
8847	0
8848	1
8849	0
8850	0
8851	0
8852	0
8853	1
8854	0
8855	1
8856	1
8857	1
8858	1
8859	0
8860	1
8861	1
8862	1
8863	0
8864	0
8865	1
8866	0
8867	1
8868	0
8869	0
8870	0
8871	0
8872	0
8873	0
8874	0
8875	1
8876	1
8877	0
8878	0
8879	1
8880	0
8881	0
8882	0
8883	0
8884	0
8885	0
8886	0
8887	0
8888	0
8889	1
8890	0
8891	0
8892	0
8893	0
8894	0
8895	0
8896	0
8897	1
8898	1
8899	1
8900	1
8901	1
8902	0
8903	0
8904	1
8905	0
8906	0
8907	0
8908	1
8909	1
8910	0
8911	0
8912	0
8913	0
8914	1
8915	1
8916	1
8917	0
8918	0
8919	1
8920	1
8921	0
8922	0
8923	1
8924	0
8925	0
8926	0
8927	0
8928	0
8929	0
8930	0
8931	0
8932	0
8933	1
8934	0
8935	1
8936	0
8937	0
8938	1
8939	0
8940	0
8941	1
8942	0
8943	0
8944	0
8945	0
8946	1
8947	0
8948	1
8949	1
8950	0
8951	0
8952	1
8953	0
8954	1
8955	0
8956	1
8957	1
8958	1
8959	0
8960	0
8961	0
8962	0
8963	0
8964	0
8965	0
8966	1
8967	0
8968	1
8969	0
8970	0
8971	0
8972	0
8973	0
8974	1
8975	0
8976	0
8977	1
8978	0
8979	0
8980	0
8981	0
8982	0
8983	1
8984	0
8985	1
8986	1
8987	0
8988	1
8989	0
8990	1
8991	1
8992	0
8993	0
8994	0
8995	0
8996	0
8997	1
8998	0
8999	0
9000	0
9001	0
9002	1
9003	1
9004	0
9005	1
9006	0
9007	1
9008	1
9009	0
9010	0
9011	0
9012	0
9013	1
9014	0
9015	0
9016	1
9017	0
9018	0
9019	0
9020	1
9021	0
9022	1
9023	0
9024	1
9025	0
9026	0
9027	0
9028	0
9029	1
9030	0
9031	1
9032	0
9033	0
9034	0
9035	0
9036	1
9037	0
9038	0
9039	0
9040	1
9041	0
9042	1
9043	0
9044	1
9045	1
9046	0
9047	0
9048	0
9049	0
9050	1
9051	1
9052	0
9053	0
9054	0
9055	0
9056	1
9057	0
9058	0
9059	1
9060	0
9061	0
9062	0
9063	1
9064	0
9065	0
9066	0
9067	0
9068	0
9069	1
9070	0
9071	1
9072	0
9073	1
9074	0
9075	1
9076	0
9077	1
9078	1
9079	0
9080	1
9081	0
9082	1
9083	1
9084	0
9085	1
9086	0
9087	0
9088	0
9089	1
9090	1
9091	0
9092	1
9093	0
9094	0
9095	0
9096	0
9097	0
9098	0
9099	0
9100	1
9101	0
9102	0
9103	1
9104	0
9105	0
9106	0
9107	0
9108	0
9109	0
9110	1
9111	1
9112	0
9113	1
9114	0
9115	0
9116	0
9117	0
9118	0
9119	0
9120	0
9121	0
9122	1
9123	0
9124	0
9125	0
9126	0
9127	0
9128	0
9129	0
9130	0
9131	0
9132	0
9133	1
9134	0
9135	0
9136	0
9137	0
9138	1
9139	1
9140	0
9141	1
9142	1
9143	0
9144	0
9145	0
9146	0
9147	0
9148	1
9149	0
9150	0
9151	0
9152	0
9153	0
9154	0
9155	0
9156	0
9157	1
9158	0
9159	1
9160	0
9161	0
9162	0
9163	1
9164	0
9165	0
9166	0
9167	1
9168	1
9169	1
9170	0
9171	1
9172	0
9173	1
9174	0
9175	1
9176	0
9177	0
9178	0
9179	1
9180	1
9181	0
9182	1
9183	0
9184	0
9185	0
9186	0
9187	1
9188	0
9189	0
9190	0
9191	1
9192	0
9193	0
9194	0
9195	0
9196	0
9197	0
9198	0
9199	0
9200	0
9201	1
9202	0
9203	0
9204	1
9205	1
9206	1
9207	0
9208	1
9209	1
9210	1
9211	0
9212	0
9213	1
9214	0
9215	1
9216	0
9217	0
9218	0
9219	0
9220	0
9221	1
9222	0
9223	0
9224	0
9225	1
9226	0
9227	0
9228	1
9229	0
9230	0
9231	0
9232	0
9233	0
9234	0
9235	1
9236	0
9237	0
9238	1
9239	1
9240	0
9241	1
9242	0
9243	1
9244	0
9245	1
9246	1
9247	1
9248	0
9249	0
9250	1
9251	0
9252	0
9253	0
9254	0
9255	0
9256	1
9257	0
9258	0
9259	1
9260	1
9261	0
9262	0
9263	1
9264	1
9265	0
9266	0
9267	1
9268	0
9269	1
9270	1
9271	0
9272	0
9273	1
9274	0
9275	0
9276	1
9277	0
9278	0
9279	1
9280	0
9281	0
9282	0
9283	0
9284	0
9285	0
9286	0
9287	0
9288	1
9289	1
9290	0
9291	1
9292	1
9293	1
9294	0
9295	0
9296	1
9297	0
9298	1
9299	0
9300	1
9301	0
9302	1
9303	1
9304	0
9305	0
9306	1
9307	0
9308	1
9309	0
9310	1
9311	1
9312	0
9313	1
9314	1
9315	1
9316	0
9317	0
9318	0
9319	0
9320	0
9321	0
9322	0
9323	1
9324	0
9325	0
9326	0
9327	0
9328	0
9329	0
9330	1
9331	0
9332	1
9333	0
9334	0
9335	0
9336	0
9337	1
9338	0
9339	0
9340	0
9341	0
9342	0
9343	0
9344	0
9345	1
9346	1
9347	0
9348	1
9349	1
9350	1
9351	0
9352	0
9353	0
9354	0
9355	1
9356	0
9357	0
9358	1
9359	0
9360	0
9361	0
9362	0
9363	0
9364	0
9365	1
9366	1
9367	1
9368	0
9369	1
9370	0
9371	0
9372	0
9373	0
9374	0
9375	0
9376	0
9377	0
9378	0
9379	0
9380	1
9381	0
9382	0
9383	0
9384	1
9385	0
9386	1
9387	0
9388	0
9389	0
9390	0
9391	0
9392	1
9393	1
9394	1
9395	0
9396	0
9397	1
9398	1
9399	0
9400	1
9401	0
9402	1
9403	0
9404	1
9405	0
9406	0
9407	0
9408	0
9409	0
9410	0
9411	0
9412	0
9413	0
9414	0
9415	0
9416	1
9417	0
9418	1
9419	0
9420	1
9421	0
9422	0
9423	0
9424	0
9425	0
9426	0
9427	0
9428	1
9429	0
9430	0
9431	0
9432	1
9433	0
9434	0
9435	0
9436	1
9437	0
9438	0
9439	1
9440	0
9441	1
9442	0
9443	0
9444	0
9445	1
9446	0
9447	0
9448	1
9449	0
9450	0
9451	1
9452	0
9453	0
9454	0
9455	0
9456	1
9457	1
9458	0
9459	0
9460	0
9461	0
9462	0
9463	1
9464	1
9465	0
9466	0
9467	0
9468	0
9469	0
9470	1
9471	0
9472	0
9473	1
9474	1
9475	0
9476	0
9477	1
9478	0
9479	0
9480	0
9481	1
9482	1
9483	1
9484	1
9485	0
9486	0
9487	0
9488	1
9489	0
9490	1
9491	0
9492	0
9493	1
9494	0
9495	0
9496	0
9497	0
9498	1
9499	0
9500	0
9501	1
9502	0
9503	0
9504	1
9505	0
9506	1
9507	0
9508	0
9509	0
9510	1
9511	0
9512	0
9513	0
9514	0
9515	1
9516	0
9517	0
9518	0
9519	1
9520	0
9521	0
9522	1
9523	0
9524	1
9525	0
9526	0
9527	0
9528	0
9529	0
9530	0
9531	0
9532	1
9533	1
9534	1
9535	0
9536	0
9537	1
9538	0
9539	0
9540	1
9541	0
9542	1
9543	1
9544	0
9545	0
9546	0
9547	0
9548	0
9549	0
9550	1
9551	0
9552	1
9553	0
9554	0
9555	0
9556	0
9557	1
9558	1
9559	0
9560	0
9561	0
9562	0
9563	0
9564	1
9565	0
9566	0
9567	0
9568	0
9569	1
9570	1
9571	1
9572	1
9573	0
9574	0
9575	1
9576	1
9577	0
9578	0
9579	0
9580	1
9581	1
9582	0
9583	0
9584	0
9585	0
9586	0
9587	0
9588	0
9589	0
9590	0
9591	0
9592	0
9593	1
9594	0
9595	0
9596	1
9597	0
9598	0
9599	0
9600	0
9601	0
9602	0
9603	0
9604	1
9605	1
9606	1
9607	0
9608	1
9609	1
9610	0
9611	0
9612	1
9613	0
9614	0
9615	0
9616	1
9617	0
9618	0
9619	0
9620	0
9621	0
9622	0
9623	0
9624	0
9625	0
9626	1
9627	1
9628	1
9629	0
9630	1
9631	1
9632	0
9633	0
9634	0
9635	0
9636	1
9637	1
9638	0
9639	0
9640	1
9641	1
9642	0
9643	1
9644	0
9645	0
9646	0
9647	1
9648	0
9649	1
9650	1
9651	0
9652	0
9653	0
9654	1
9655	1
9656	1
9657	1
9658	0
9659	1
9660	1
9661	1
9662	1
9663	0
9664	0
9665	0
9666	0
9667	0
9668	0
9669	0
9670	1
9671	1
9672	1
9673	1
9674	0
9675	1
9676	1
9677	0
9678	0
9679	0
9680	0
9681	0
9682	1
9683	1
9684	1
9685	0
9686	0
9687	0
9688	1
9689	0
9690	1
9691	0
9692	0
9693	0
9694	0
9695	0
9696	1
9697	0
9698	1
9699	0
9700	1
9701	1
9702	0
9703	1
9704	1
9705	1
9706	0
9707	0
9708	0
9709	0
9710	0
9711	1
9712	0
9713	0
9714	0
9715	0
9716	0
9717	0
9718	0
9719	0
9720	0
9721	0
9722	0
9723	0
9724	1
9725	0
9726	0
9727	0
9728	0
9729	1
9730	0
9731	0
9732	0
9733	0
9734	1
9735	0
9736	0
9737	0
9738	1
9739	1
9740	1
9741	0
9742	1
9743	0
9744	0
9745	1
9746	0
9747	0
9748	0
9749	0
9750	1
9751	0
9752	1
9753	0
9754	0
9755	0
9756	0
9757	0
9758	1
9759	1
9760	0
9761	0
9762	0
9763	0
9764	1
9765	0
9766	0
9767	1
9768	0
9769	0
9770	0
9771	1
9772	0
9773	0
9774	0
9775	0
9776	0
9777	1
9778	1
9779	1
9780	1
9781	1
9782	0
9783	0
9784	0
9785	0
9786	0
9787	1
9788	0
9789	0
9790	1
9791	0
9792	0
9793	1
9794	1
9795	1
9796	0
9797	0
9798	0
9799	1
9800	0
9801	1
9802	0
9803	0
9804	0
9805	1
9806	0
9807	1
9808	1
9809	1
9810	1
9811	1
9812	1
9813	1
9814	0
9815	0
9816	0
9817	1
9818	0
9819	0
9820	1
9821	0
9822	0
9823	1
9824	1
9825	1
9826	0
9827	0
9828	1
9829	0
9830	1
9831	0
9832	0
9833	1
9834	1
9835	0
9836	0
9837	1
9838	1
9839	0
9840	0
9841	0
9842	0
9843	1
9844	0
9845	1
9846	0
9847	1
9848	1
9849	1
9850	0
9851	1
9852	0
9853	1
9854	1
9855	1
9856	0
9857	1
9858	0
9859	0
9860	0
9861	1
9862	0
9863	0
9864	1
9865	0
9866	0
9867	1
9868	0
9869	0
9870	0
9871	1
9872	1
9873	0
9874	0
9875	0
9876	1
9877	0
9878	1
9879	0
9880	0
9881	1
9882	0
9883	1
9884	0
9885	0
9886	1
9887	1
9888	0
9889	0
9890	0
9891	0
9892	0
9893	0
9894	0
9895	0
9896	0
9897	1
9898	1
9899	0
9900	0
9901	0
9902	0
9903	1
9904	1
9905	0
9906	0
9907	0
9908	0
9909	0
9910	0
9911	0
9912	0
9913	0
9914	0
9915	0
9916	1
9917	0
9918	0
9919	0
9920	0
9921	1
9922	1
9923	0
9924	1
9925	0
9926	0
9927	0
9928	0
9929	0
9930	0
9931	1
9932	0
9933	0
9934	0
9935	1
9936	0
9937	1
9938	0
9939	0
9940	0
9941	1
9942	0
9943	1
9944	0
9945	0
9946	0
9947	0
9948	1
9949	0
9950	1
9951	0
9952	0
9953	0
9954	1
9955	0
9956	0
9957	0
9958	1
9959	1
9960	1
9961	1
9962	0
9963	0
9964	1
9965	1
9966	1
9967	0
9968	1
9969	0
9970	0
9971	0
9972	1
9973	0
9974	0
9975	0
9976	1
9977	0
9978	0
9979	0
9980	1
9981	0
9982	0
9983	0
9984	0
9985	0
9986	1
9987	1
9988	0
9989	1
9990	1
9991	1
9992	1
9993	1
9994	1
9995	0
9996	0
9997	1
9998	0
9999	0
10000	0
10001	0
10002	0
10003	0
10004	0
10005	1
10006	0
10007	1
10008	0
10009	1
10010	0
10011	0
10012	0
10013	0
10014	0
10015	1
10016	0
10017	0
10018	0
10019	0
10020	0
10021	0
10022	0
10023	0
10024	0
10025	1
10026	0
10027	0
10028	0
10029	0
10030	0
10031	0
10032	1
10033	0
10034	0
10035	0
10036	0
10037	0
10038	0
10039	0
10040	0
10041	1
10042	0
10043	1
10044	0
10045	1
10046	1
10047	0
10048	0
10049	0
10050	0
10051	1
10052	0
10053	0
10054	0
10055	1
10056	1
10057	0
10058	0
10059	0
10060	0
10061	0
10062	0
10063	0
10064	0
10065	1
10066	1
10067	0
10068	0
10069	1
10070	1
10071	1
10072	1
10073	0
10074	1
10075	1
10076	0
10077	0
10078	0
10079	0
10080	1
10081	0
10082	0
10083	1
10084	0
10085	1
10086	1
10087	1
10088	1
10089	0
10090	1
10091	0
10092	0
10093	1
10094	0
10095	1
10096	1
10097	0
10098	1
10099	1
10100	0
10101	1
10102	0
10103	0
10104	1
10105	0
10106	0
10107	0
10108	0
10109	0
10110	1
10111	1
10112	0
10113	0
10114	0
10115	0
10116	0
10117	0
10118	0
10119	1
10120	0
10121	0
10122	0
10123	0
10124	0
10125	1
10126	0
10127	1
10128	1
10129	0
10130	0
10131	0
10132	0
10133	0
10134	0
10135	0
10136	0
10137	0
10138	0
10139	1
10140	0
10141	0
10142	1
10143	1
10144	1
10145	0
10146	0
10147	0
10148	0
10149	1
10150	0
10151	0
10152	0
10153	0
10154	0
10155	0
10156	0
10157	1
10158	0
10159	0
10160	0
10161	0
10162	0
10163	0
10164	0
10165	0
10166	1
10167	1
10168	1
10169	0
10170	0
10171	0
10172	1
10173	1
10174	1
10175	0
10176	1
10177	0
10178	1
10179	0
10180	1
10181	1
10182	0
10183	1
10184	0
10185	1
10186	0
10187	0
10188	0
10189	0
10190	1
10191	0
10192	0
10193	0
10194	0
10195	1
10196	0
10197	1
10198	0
10199	0
10200	0
10201	0
10202	1
10203	0
10204	0
10205	0
10206	1
10207	0
10208	0
10209	0
10210	0
10211	1
10212	1
10213	1
10214	1
10215	1
10216	0
10217	1
10218	0
10219	1
10220	0
10221	1
10222	0
10223	1
10224	0
10225	0
10226	1
10227	0
10228	1
10229	0
10230	0
10231	1
10232	1
10233	0
10234	0
10235	0
10236	1
10237	1
10238	1
10239	1
10240	0
10241	0
10242	0
10243	1
10244	0
10245	1
10246	0
10247	0
10248	0
10249	0
10250	0
10251	1
10252	0
10253	0
10254	0
10255	0
10256	0
10257	0
10258	0
10259	0
10260	1
10261	0
10262	1
10263	0
10264	0
10265	1
10266	1
10267	0
10268	0
10269	0
10270	0
10271	0
10272	1
10273	1
10274	0
10275	0
10276	0
10277	1
10278	0
10279	1
10280	0
10281	0
10282	0
10283	0
10284	1
10285	0
10286	0
10287	0
10288	0
10289	0
10290	0
10291	1
10292	0
10293	1
10294	0
10295	1
10296	1
10297	1
10298	1
10299	1
10300	0
10301	1
10302	0
10303	0
10304	0
10305	1
10306	0
10307	0
10308	1
10309	0
10310	1
10311	1
10312	1
10313	1
10314	1
10315	1
10316	0
10317	0
10318	1
10319	0
10320	0
10321	0
10322	0
10323	1
10324	1
10325	0
10326	0
10327	0
10328	0
10329	0
10330	1
10331	1
10332	0
10333	1
10334	0
10335	0
10336	0
10337	0
10338	0
10339	0
10340	0
10341	0
10342	1
10343	0
10344	1
10345	1
10346	0
10347	0
10348	1
10349	0
10350	0
10351	0
10352	1
10353	1
10354	0
10355	1
10356	0
10357	1
10358	1
10359	0
10360	0
10361	1
10362	0
10363	0
10364	0
10365	1
10366	0
10367	0
10368	0
10369	0
10370	0
10371	0
10372	0
10373	0
10374	1
10375	1
10376	0
10377	0
10378	1
10379	0
10380	0
10381	0
10382	0
10383	1
10384	0
10385	1
10386	1
10387	0
10388	1
10389	1
10390	1
10391	0
10392	0
10393	1
10394	0
10395	0
10396	0
10397	1
10398	0
10399	0
10400	1
10401	0
10402	1
10403	0
10404	0
10405	1
10406	1
10407	0
10408	1
10409	0
10410	0
10411	0
10412	0
10413	1
10414	0
10415	0
10416	0
10417	0
10418	1
10419	1
10420	1
10421	1
10422	0
10423	0
10424	0
10425	1
10426	1
10427	1
10428	0
10429	1
10430	0
10431	0
10432	0
10433	1
10434	0
10435	0
10436	0
10437	1
10438	0
10439	1
10440	0
10441	0
10442	0
10443	0
10444	1
10445	0
10446	1
10447	0
10448	1
10449	1
10450	1
10451	0
10452	1
10453	0
10454	0
10455	0
10456	0
10457	0
10458	1
10459	0
10460	0
10461	1
10462	0
10463	0
10464	0
10465	1
10466	0
10467	1
10468	1
10469	0
10470	0
10471	1
10472	1
10473	0
10474	0
10475	0
10476	1
10477	0
10478	1
10479	0
10480	1
10481	0
10482	0
10483	0
10484	1
10485	0
10486	1
10487	1
10488	1
10489	0
10490	0
10491	0
10492	0
10493	0
10494	0
10495	0
10496	1
10497	0
10498	1
10499	1
10500	0
10501	1
10502	0
10503	0
10504	1
10505	0
10506	0
10507	0
10508	1
10509	0
10510	0
10511	1
10512	0
10513	0
10514	1
10515	1
10516	1
10517	0
10518	1
10519	1
10520	0
10521	0
10522	0
10523	0
10524	1
10525	0
10526	1
10527	0
10528	1
10529	1
10530	0
10531	1
10532	1
10533	0
10534	0
10535	1
10536	1
10537	0
10538	0
10539	0
10540	1
10541	1
10542	0
10543	1
10544	0
10545	0
10546	1
10547	0
10548	0
10549	0
10550	0
10551	0
10552	0
10553	1
10554	0
10555	0
10556	1
10557	0
10558	1
10559	1
10560	0
10561	0
10562	0
10563	0
10564	0
10565	0
10566	0
10567	0
10568	1
10569	0
10570	0
10571	0
10572	0
10573	1
10574	0
10575	0
10576	0
10577	0
10578	0
10579	0
10580	0
10581	0
10582	0
10583	0
10584	1
10585	1
10586	0
10587	0
10588	0
10589	0
10590	1
10591	1
10592	1
10593	1
10594	0
10595	0
10596	1
10597	0
10598	1
10599	1
10600	1
10601	0
10602	0
10603	0
10604	1
10605	0
10606	0
10607	0
10608	0
10609	0
10610	0
10611	0
10612	1
10613	0
10614	1
10615	1
10616	1
10617	0
10618	0
10619	0
10620	1
10621	0
10622	0
10623	1
10624	1
10625	0
10626	1
10627	0
10628	0
10629	1
10630	0
10631	0
10632	1
10633	0
10634	0
10635	0
10636	0
10637	0
10638	0
10639	0
10640	1
10641	0
10642	0
10643	0
10644	0
10645	0
10646	1
10647	0
10648	0
10649	0
10650	0
10651	0
10652	0
10653	1
10654	0
10655	1
10656	0
10657	0
10658	0
10659	0
10660	1
10661	0
10662	0
10663	0
10664	1
10665	0
10666	1
10667	0
10668	0
10669	0
10670	1
10671	0
10672	0
10673	0
10674	0
10675	0
10676	0
10677	0
10678	0
10679	0
10680	1
10681	0
10682	1
10683	0
10684	1
10685	0
10686	0
10687	0
10688	0
10689	0
10690	0
10691	1
10692	0
10693	0
10694	1
10695	1
10696	0
10697	0
10698	1
10699	0
10700	0
10701	0
10702	0
10703	0
10704	0
10705	0
10706	1
10707	1
10708	1
10709	0
10710	0
10711	0
10712	1
10713	0
10714	0
10715	1
10716	1
10717	0
10718	0
10719	1
10720	0
10721	0
10722	1
10723	1
10724	0
10725	0
10726	1
10727	1
10728	0
10729	0
10730	0
10731	0
10732	0
10733	0
10734	1
10735	0
10736	1
10737	0
10738	1
10739	1
10740	1
10741	1
10742	0
10743	0
10744	0
10745	1
10746	0
10747	1
10748	0
10749	0
10750	0
10751	0
10752	0
10753	0
10754	0
10755	1
10756	0
10757	0
10758	0
10759	0
10760	0
10761	0
10762	1
10763	0
10764	0
10765	0
10766	0
10767	0
10768	1
10769	1
10770	0
10771	1
10772	0
10773	0
10774	0
10775	0
10776	0
10777	1
10778	0
10779	0
10780	1
10781	0
10782	1
10783	0
10784	0
10785	0
10786	0
10787	1
10788	1
10789	0
10790	0
10791	0
10792	0
10793	1
10794	0
10795	0
10796	0
10797	1
10798	0
10799	0
10800	0
10801	1
10802	0
10803	0
10804	0
10805	0
10806	1
10807	1
10808	0
10809	1
10810	0
10811	0
10812	0
10813	0
10814	0
10815	0
10816	0
10817	0
10818	0
10819	0
10820	0
10821	1
10822	0
10823	0
10824	0
10825	1
10826	0
10827	1
10828	0
10829	1
10830	0
10831	0
10832	0
10833	0
10834	0
10835	1
10836	0
10837	0
10838	0
10839	1
10840	1
10841	1
10842	1
10843	0
10844	0
10845	1
10846	0
10847	0
10848	1
10849	1
10850	0
10851	1
10852	0
10853	0
10854	0
10855	1
10856	0
10857	1
10858	0
10859	0
10860	1
10861	0
10862	0
10863	0
10864	0
10865	0
10866	1
10867	0
10868	1
10869	1
10870	0
10871	0
10872	0
10873	0
10874	1
10875	0
10876	0
10877	0
10878	1
10879	0
10880	0
10881	1
10882	0
10883	1
10884	1
10885	0
10886	1
10887	1
10888	0
10889	0
10890	0
10891	0
10892	0
10893	1
10894	0
10895	0
10896	0
10897	0
10898	1
10899	0
10900	0
10901	0
10902	1
10903	1
10904	1
10905	1
10906	0
10907	0
10908	1
10909	0
10910	0
10911	1
10912	0
10913	0
10914	0
10915	1
10916	0
10917	1
10918	1
10919	1
10920	0
10921	1
10922	0
10923	0
10924	0
10925	1
10926	1
10927	1
10928	1
10929	0
10930	1
10931	0
